{"extrinsic": [-0.03489949670250075, -0.9993908270190958, -7.811013900517295e-18, 0.4996954135095479, -0.030519909972698028, 0.0010657787410654812, -0.9995335908367129, -0.000532889370532744, 0.998924701979669, -0.034883219257444587, -0.030538513209822437, 0.017441609628722404, 0.0, 0.0, 0.0, 1.0],
 "intrinsic": [1135.79715, 0.0, 765.27053, -698.97351, 0.0, 1135.79715, 591.04164, 0.0, 0.0, 0.0, 1.0, 0.0]}